,Country,Player,Team,Base price,Winning bid,Year
0,Guyana,Christopher Barnwell,Royal Challengers Bangalore,30.5,30.5,2013
1,South Africa,Johan Botha,Delhi Daredevils,183,274.5,2013
2,Australia,Daniel Christian,Royal Challengers Bangalore,61,61,2013
3,Australia,Michael Clarke,Pune Warriors India,244,244,2013
4,Australia,Nathan Coulter-Nile,Mumbai Indians,61,274.5,2013
5,Sri Lanka,Akila Dananjaya,Chennai Super Kings,12.2,12.2,2013
6,South Africa,Quinton de Kock,Sunrisers Hyderabad,12.2,12.2,2013
7,Barbados,Fidel Edwards,Rajasthan Royals,61,128.1,2013
8,Australia,James Faulkner,Rajasthan Royals,61,244,2013
9,India,Manpreet Gony,Kings XI Punjab,122,305,2013
10,Australia,Mois√©s Henriques,Royal Challengers Bangalore,61,183,2013
11,Barbados,Jason Holder,Chennai Super Kings,12.2,12.2,2013
12,Australia,Phillip Hughes,Mumbai Indians,61,61,2013
13,Australia,Ben Laughlin,Chennai Super Kings,12.2,12.2,2013
14,Australia,Glenn Maxwell,Mumbai Indians,122,610,2013
15,New Zealand,Nathan McCullum,Sunrisers Hyderabad,61,61,2013
16,Australia,Clint McKay,Sunrisers Hyderabad,61,61,2013
17,South Africa,Ryan McLaren,Kolkata Knight Riders,30.5,30.5,2013
18,Sri Lanka,Ajantha Mendis,Pune Warriors India,30.5,442.25,2013
19,Sri Lanka,Jeevan Mendis,Delhi Daredevils,30.5,30.5,2013
20,South Africa,Chris Morris,Chennai Super Kings,12.2,381.25,2013
21,Australia,Dirk Nannes,Chennai Super Kings,122,366,2013
22,India,Abhishek Nayar,Pune Warriors India,61,411.75,2013
23,New Zealand,Jacob Oram,Mumbai Indians,30.5,30.5,2013
24,Sri Lanka,Kusal Perera,Rajasthan Royals,12.2,12.2,2013
25,Sri Lanka,Thisara Perera,Sunrisers Hyderabad,30.5,411.75,2013
26,Australia,Luke Pomersbach,Kings XI Punjab,30.5,183,2013
27,Australia,Ricky Ponting,Mumbai Indians,244,244,2013
28,Trinidad and Tobago,Ravi Rampaul,Royal Challengers Bangalore,30.5,176.9,2013
29,Australia,Kane Richardson,Pune Warriors India,61,427,2013
30,New Zealand,Jesse Ryder,Delhi Daredevils,61,158.6,2013
31,Saint Lucia,Darren Sammy,Sunrisers Hyderabad,61,259.25,2013
32,Sri Lanka,Sachithra Senanayake,Kolkata Knight Riders,30.5,381.25,2013
33,India,Pankaj Singh,Royal Challengers Bangalore,30.5,91.5,2013
34,India,R. P. Singh,Royal Challengers Bangalore,61,244,2013
35,India,Sudeep Tyagi,Sunrisers Hyderabad,61,61,2013
36,India,Jaydev Unadkat,Royal Challengers Bangalore,61,320.25,2013
37,Australia,Mitchell Johnson,Kings XI Punjab,200,650,2014
38,South Africa,Jacques Kallis,Kolkata Knight Riders,200,550,2014
39,England,Kevin Pietersen,Delhi Daredevils,200,900,2014
40,India,Virender Sehwag,Kings XI Punjab,200,320,2014
41,India,Yuvraj Singh,Royal Challengers Bangalore,200,"1,400",2014
42,India,Murali Vijay,Delhi Daredevils,200,500,2014
43,Australia,David Warner,Sunrisers Hyderabad,150,550,2014
44,Australia,George Bailey,Kings XI Punjab,200,325,2014
45,South Africa,Faf du Plessis,Chennai Super Kings,150,475,2014
46,Australia,Michael Hussey,Mumbai Indians,200,500,2014
47,India,Dinesh Karthik,Delhi Daredevils,200,"1,250",2014
48,India,Zaheer Khan,Mumbai Indians,100,260,2014
49,New Zealand,Brendon McCullum,Chennai Super Kings,200,325,2014
50,India,Amit Mishra,Sunrisers Hyderabad,200,475,2014
51,Saint Lucia,Darren Sammy,Sunrisers Hyderabad,100,350,2014
52,South Africa,Jean-Paul Duminy,Delhi Daredevils,100,220,2014
53,Australia,Aaron Finch,Sunrisers Hyderabad,100,400,2014
54,Australia,Brad Hodge,Rajasthan Royals,200,240,2014
55,Australia,Shaun Marsh,Kings XI Punjab,200,220,2014
56,India,Cheteshwar Pujara,Kings XI Punjab,150,190,2014
57,Barbados,Dwayne Smith,Chennai Super Kings,150,450,2014
58,New Zealand,Ross Taylor,Delhi Daredevils,200,200,2014
59,India,Manoj Tiwary,Delhi Daredevils,200,280,2014
60,India,Robin Uthappa,Kolkata Knight Riders,200,500,2014
61,South Africa,Quinton de Kock,Delhi Dardevils,100,350,2014
62,India,Naman Ojha,Sunrisers Hyderabad,50,50,2014
63,India,Parthiv Patel,Royal Challengers Bangalore,100,275,2014
64,India,Wriddhiman Saha,Kings XI Punjab,100,220,2014
65,Bangladesh,Shakib Al Hasan,Kolkata Knight Riders,100,280,2014
66,South Africa,Albie Morkel,Royal Challengers Bangalore,150,240,2014
67,India,Irfan Pathan,Sunrisers Hyderabad,150,240,2014
68,India,Yusuf Pathan,Kolkata Knight Riders,200,325,2014
69,Sri Lanka,Thisara Perera,Kings XI Punjab,50,160,2014
70,Australia,Steve Smith,Rajasthan Royals,200,400,2014
71,India,Ashok Dinda,Royal Challengers Bangalore,100,150,2014
72,India,Bhuvneshwar Kumar,Sunrisers Hyderabad,150,425,2014
73,South Africa,Morne Morkel,Kolkata Knight Riders,150,280,2014
74,Trinidad and Tobago,Ravi Rampaul,Royal Challengers Bangalore,50,90,2014
75,India,Mohammed Shami,Delhi Dardevils,100,425,2014
76,India,Ishant Sharma,Sunrisers Hyderabad,150,425,2014
77,Australia,Mitchell Starc,Royal Challengers Bangalore,200,500,2014
78,India,Ranganath Vinay Kumar,Kolkata Knight Riders,150,280,2014
79,India,Umesh Yadav,Kolkata Knight Riders,100,260,2014
80,India,Piyush Chawla,Kolkata Knight Riders,50,425,2014
81,India,Murali Kartik,Kings XI Punjab,100,100,2014
82,Sri Lanka,Muttiah Muralitharan,Royal Challengers Bangalore,100,100,2014
83,India,Pragyan Ojha,Mumbai Indians,200,325,2014
84,India,Rahul Sharma,Delhi Daredevils,50,190,2014
85,Australia,Nic Maddinson,Royal Challengers Bangalore,50,50,2014
86,India,Saurabh Tiwary,Delhi Daredevils,50,70,2014
87,Zimbabwe,Brendan Taylor,Sunrisers Hyderabad,30,30,2014
88,New Zealand,Corey Anderson,Mumbai Indians,100,450,2014
89,Australia,Moises Henriques,Sunrisers Hyderabad,100,100,2014
90,Australia,Glenn Maxwell,Kings XI Punjab,100,600,2014
91,India,Abhishek Nayar,Rajasthan Royals,30,100,2014
92,India,Laxmi Ratan Shukla,Delhi Daredevils,50,150,2014
93,Jamaica,Andre Russell,Kolkata Knight Riders,50,60,2014
94,India,Varun Aaron,Royal Challengers Bangalore,150,200,2014
95,India,Parvinder Awana,Kings XI Punjab,50,65,2014
96,India,Lakshmipathy Balaji,Kings XI Punjab,50,180,2014
97,Australia,Nathan Coulter-Nile,Delhi Daredevils,100,425,2014
98,India,Ashish Nehra,Chennai Super Kings,200,200,2014
99,India,Mohit Sharma,Chennai Super Kings,100,200,2014
100,India,Jaydev Unadkat,Delhi Daredevils,100,280,2014
101,Trinidad and Tobago,Samuel Badree,Chennai Super Kings,30,30,2014
102,Australia,Chris Lynn,Kolkata Knight Riders,50,130,2014
103,India,Yalaka Venugopal Rao,Sunrisers Hyderabad,30,55,2014
104,Australia,John Hastings,Chennai Super Kings,50,50,2014
105,New Zealand,James Neesham,Delhi Daredevils,30,100,2014
106,Australia,Ben Cutting,Rajasthan Royals,50,80,2014
107,Australia,Josh Hazlewood,Mumbai Indians,50,50,2014
108,Australia,Ben Hilfenhaus,Chennai Super Kings,100,100,2014
109,Barbados,Jason Holder,Sunrisers Hyderabad,50,75,2014
110,Australia,Kane Richardson,Rajasthan Royals,100,100,2014
111,New Zealand,Tim Southee,Rajasthan Royals,50,120,2014
112,Australia,Patrick Cummins,Kolkata Knight Riders,100,100,2014
113,South Africa,Wayne Parnell,Delhi Daredevils,100,100,2014
114,South Africa,Marchant de Lange,Mumbai Indians,30,30,2014
115,Jamaica,Krishmar Santokie,Mumbai Indians,30,30,2014
116,New Zealand,Matt Henry,Chennai Super Kings,30,30,2014
117,India,Mayank Agarwal,Delhi Daredevils,10,160,2014
118,India,Srikkanth Anirudha,Sunrisers Hyderabad,20,20,2014
119,India,Baba Aparajith,Chennai Super Kings,10,10,2014
120,India,Unmukt Chand,Rajasthan Royals,30,65,2014
121,India,Kedar Jadhav,Delhi Daredevils,30,200,2014
122,India,Manprit Juneja,Sunrisers Hyderabad,10,10,2014
123,India,Gurkeerat Singh,Kings XI Punjab,20,130,2014
124,India,Manish Pandey,Kolkata Knight Riders,20,170,2014
125,India,KL Rahul,Sunrisers Hyderabad,10,100,2014
126,India,Suryakumar Yadav,Kolkata Knight Riders,20,70,2014
127,India,Vijay Zol,Royal Challengers Bangalore,30,30,2014
128,India,Ankush Bains,Rajasthan Royals,10,10,2014
129,India,Manvinder Bisla,Kolkata Knight Riders,30,60,2014
130,India,Debabrata Das,Kolkata Knight Riders,20,20,2014
131,Australia,Ben Dunk,Mumbai Indians,20,20,2014
132,India,CM Gautam,Mumbai Indians,20,20,2014
133,India,Sushant Marathe,Mumbai Indians,10,10,2014
134,India,Yogesh Takawale,Royal Challengers Bangalore,10,10,2014
135,India,Aditya Tare,Mumbai Indians,20,160,2014
136,India,Iqbal Abdullah,Rajasthan Royals,30,65,2014
137,India,Rajat Bhatia,Rajasthan Royals,30,170,2014
138,Trinidad and Tobago,Kevon Cooper,Rajasthan Royals,30,30,2014
139,India,Rishi Dhawan,Kings XI Punjab,20,300,2014
140,India,Mithun Manhas,Chennai Super Kings,30,30,2014
141,India,Parvez Rasool,Sunrisers Hyderabad,20,95,2014
142,India,Mandeep Singh,Kings XI Punjab,30,80,2014
143,Netherlands,Ryan Ten Doeschate,Kolkata Knight Riders,100,100,2014
144,India,Abu Nechim Ahmed,Royal Challengers Bangalore,30,30,2014
145,India,Jasprit Bumrah,Mumbai Indians,20,120,2014
146,India,Siddarth Kaul,Delhi Daredevils,20,45,2014
147,India,Dhawal Kulkarni,Rajasthan Royals,30,110,2014
148,India,Ishwar Pandey,Chennai Super Kings,10,150,2014
149,India,Prasanth Parameswaran,Sunrisers Hyderabad,30,30,2014
150,India,Sandeep Sharma,Kings XI Punjab,30,85,2014
151,India,Rahul Shukla,Delhi Daredevils,20,40,2014
152,India,Anureet Singh,Kings XI Punjab,20,20,2014
153,India,Shreyas Gopal,Mumbai Indians,10,10,2014
154,India,Shadab Jakati,Royal Challengers Bangalore,20,20,2014
155,India,Shahbaz Nadeem,Delhi Daredevils,30,85,2014
156,India,Pawan Negi,Chennai Super Kings,10,10,2014
157,India,Karn Sharma,Sunrisers Hyderabad,30,375,2014
158,India,Yuzvendra Chahal,Royal Challengers Bangalore,10,10,2014
159,India,Kuldeep Yadav,Kolkata Knight Riders,10,40,2014
160,India,Pravin Tambe,Rajasthan Royals,10,10,2014
161,India,Karun Nair,Rajasthan Royals,10,75,2014
162,India,Apoorv Vijay Wankhade,Mumbai Indians,10,10,2014
163,India,Amit Paunikar,Sunrisers Hyderabad,20,20,2014
164,India,Dishant Yagnik,Rajasthan Royals,30,30,2014
165,India,Akshar Patel,Kings XI Punjab,20,75,2014
166,India,Jalaj Saxena,Mumbai Indians,20,90,2014
167,India,Vijay Shankar,Chennai Super Kings,10,10,2014
168,South Africa,Beuran Hendricks,Kings XI Punjab,30,180,2014
169,India,Vikramjeet Malik,Rajasthan Royals,20,20,2014
170,India,Ronit More,Chennai Super Kings,10,10,2014
171,India,Harshal Patel,Royal Challengers Bangalore,30,40,2014
172,India,Veer Pratap Singh,Kolkata Knight Riders,20,40,2014
173,India,Ashish Reddy,Sunrisers Hyderabad,20,20,2014
174,India,Pawan Suyal,Mumbai Indians,10,10,2014
175,India,Sandeep Warrier,Royal Challengers Bangalore,10,10,2014
176,India,Ankit Nagendra Sharma,Rajasthan Royals,10,10,2014
177,India,Ricky Bhui,Sunrisers Hyderabad,10,10,2014
178,India,Rahul Tewatia,Rajasthan Royals,10,10,2014
179,India,Jayant Yadav,Delhi Daredevils,10,10,2014
180,India,Amit Mishra,Rajasthan Royals,10,10,2014
181,India,Sachin Rana,Royal Challengers Bangalore,20,20,2014
182,India,HS Sharath,Delhi Daredevils,10,10,2014
183,India,Shivam Sharma,Kings XI Punjab,10,10,2014
184,India,Deepak Hooda,Rajasthan Royals,10,40,2014
185,India,Chama Milind,Sunrisers Hyderabad,10,10,2014
186,India,Shardul Thakur,Kings XI Punjab,10,20,2014
187,India,Tanmay Mishra,Royal Challengers Bangalore,10,10,2014
188,India,Sayan Sekhar Mondal,Kolkata Knight Riders,10,10,2014
189,India,Karanveer Singh,Kings XI Punjab,10,10,2014
190,India,Milind Kumar,Delhi Daredevils,10,10,2014
191,Australia,Michael Hussey,Chennai Super Kings,150,150,2015
192,India,Irfan Pathan,Chennai Super Kings,150,150,2015
193,India,Rahul Sharma,Chennai Super Kings,30,30,2015
194,South Africa,Kyle Abbott,Chennai Super Kings,30,30,2015
195,Australia,Andrew Tye,Chennai Super Kings,20,20,2015
196,India,Pratyush Singh,Chennai Super Kings,10,10,2015
197,India,Ankush Bains,Chennai Super Kings,10,10,2015
198,India,Eklavya Dwivedi,Chennai Super Kings,10,10,2015
199,India,Yuvraj Singh,Delhi Daredevils,200,1600,2015
200,Sri Lanka,Angelo Mathews,Delhi Daredevils,150,750,2015
201,India,Zaheer Khan,Delhi Daredevils,100,400,2015
202,India,Amit Mishra,Delhi Daredevils,10,350,2015
203,India,Shreyas Iyer,Delhi Daredevils,10,260,2015
204,Australia,Gurinder Sandhu,Delhi Daredevils,30,170,2015
205,India,Jaydev Unadkat,Delhi Daredevils,50,110,2015
206,India,Domnic Joseph,Delhi Daredevils,10,75,2015
207,South Africa,Albie Morkel,Delhi Daredevils,30,30,2015
208,Australia,Marcus Stoinis,Delhi Daredevils,20,25,2015
209,India,CM Gautam,Delhi Daredevils,20,20,2015
210,India,Srikar Bharat,Delhi Daredevils,10,10,2015
211,India,KK Jiyas,Delhi Daredevils,10,10,2015
212,India,Murali Vijay,Kings XI Punjab,50,300,2015
213,India,Nikhil Naik,Kings XI Punjab,10,30,2015
214,India,Yogesh Golwalkar,Kings XI Punjab,10,10,2015
215,India,KC Cariappa,Kolkata Knight Riders,10,240,2015
216,New Zealand,James Neesham,Kolkata Knight Riders,30,50,2015
217,Australia,Brad Hogg,Kolkata Knight Riders,50,50,2015
218,India,Aditya Garhwal,Kolkata Knight Riders,10,25,2015
219,India,Sheldon Jackson,Kolkata Knight Riders,10,15,2015
220,India,Sumit Narwal,Kolkata Knight Riders,10,10,2015
221,India,Vaibhav Rawal,Kolkata Knight Riders,10,10,2015
222,Australia,Aaron Finch,Mumbai Indians,100,320,2015
223,India,Pragyan Ojha,Mumbai Indians,50,50,2015
224,India,Abhimanyu Mithun,Mumbai Indians,30,30,2015
225,New Zealand,Mitchell McClenaghan,Mumbai Indians,30,30,2015
226,Australia,Aiden Blizzard,Mumbai Indians,30,30,2015
227,India,Hardik Pandya,Mumbai Indians,10,10,2015
228,India,Akshay Wakhare,Mumbai Indians,10,10,2015
229,India,Nitish Rana,Mumbai Indians,10,10,2015
230,India,Siddhesh Lad,Mumbai Indians,10,10,2015
231,India,Jagadeesha Suchith,Mumbai Indians,10,10,2015
232,South Africa,Chris Morris,Rajasthan Royals,50,140,2015
233,South Africa,Rusty Theron,Rajasthan Royals,30,30,2015
234,India,Barinder Sran,Rajasthan Royals,10,10,2015
235,India,Dinesh Salunkhe,Rajasthan Royals,10,10,2015
236,India,Sagar Trivedi,Rajasthan Royals,10,10,2015
237,India,Pardeep Sahu,Rajasthan Royals,10,10,2015
238,India,Dinesh Karthik,Royal Challengers Bangalore,200,1050,2015
239,Saint Lucia,Darren Sammy,Royal Challengers Bangalore,100,280,2015
240,South Africa,David Wiese,Royal Challengers Bangalore,30,280,2015
241,Australia,Sean Abbott,Royal Challengers Bangalore,50,100,2015
242,New Zealand,Adam Milne,Royal Challengers Bangalore,30,70,2015
243,India,Sarfaraz Khan,Royal Challengers Bangalore,10,50,2015
244,India,Subramaniam Badrinath,Royal Challengers Bangalore,30,30,2015
245,India,Jalaj Saxena,Royal Challengers Bangalore,10,10,2015
246,India,Shishir Bhavane,Royal Challengers Bangalore,10,10,2015
247,New Zealand,Trent Boult,Sunrisers Hyderabad,50,380,2015
248,India,Praveen Kumar,Sunrisers Hyderabad,50,220,2015
249,England,Kevin Pietersen,Sunrisers Hyderabad,200,200,2015
250,England,Eoin Morgan,Sunrisers Hyderabad,150,150,2015
251,England,Ravi Bopara,Sunrisers Hyderabad,100,100,2015
252,New Zealand,Kane Williamson,Sunrisers Hyderabad,50,60,2015
253,India,Laxmi Ratan Shukla,Sunrisers Hyderabad,30,30,2015
254,India,Padmanabhan Prasanth,Sunrisers Hyderabad,10,10,2015
255,India,Hanuma Vihari,Sunrisers Hyderabad,10,10,2015
256,India,Siddarth Kaul,Sunrisers Hyderabad,10,10,2015
257,England,Kevin Pietersen,Rising Pune Supergiant,200,300,2016
258,Barbados,Dwayne Smith,Gujarat Lions,50,230,2016
259,India,Ishant Sharma,Rising Pune Supergiant,200,380,2016
260,Australia,Shane Watson,Royal Challengers Bangalore,200,950,2016
261,India,Ashish Nehra,Sunrisers Hyderabad,200,550,2016
262,India,Yuvraj Singh,Sunrisers Hyderabad,200,700,2016
263,South Africa,Dale Steyn,Gujarat Lions,150,230,2016
264,India,Sanju Samson,Delhi Daredevils,200,420,2016
265,England,Jos Buttler,Mumbai Indians,150,380,2016
266,India,Dinesh Karthik,Gujarat Lions,200,230,2016
267,India,Irfan Pathan,Rising Pune Supergiant,100,100,2016
268,South Africa,Chris Morris,Delhi Daredevils,50,700,2016
269,New Zealand,Colin Munro,Kolkata Knight Riders,30,30,2016
270,India,Stuart Binny,Royal Challengers Bangalore,200,200,2016
271,Australia,Mitchell Marsh,Rising Pune Supergiant,200,480,2016
272,India,Dhawal Kulkarni,Gujarat Lions,200,230,2016
273,Australia,John Hastings,Kolkata Knight Riders,100,130,2016
274,India,Praveen Kumar,Gujarat Lions,50,350,2016
275,New Zealand,Tim Southee,Mumbai Indians,100,250,2016
276,India,Mohit Sharma,Kings XI Punjab,150,650,2016
277,Barbados,Carlos Brathwaite,Delhi Daredevils,30,420,2016
278,Australia,Marcus Stoinis,Kings XI Punjab,30,55,2016
279,Bangladesh,Mustafizur Rahman,Sunrisers Hyderabad,50,140,2016
280,India,Jaydev Unadkat,Kolkata Knight Riders,30,160,2016
281,South Africa,Kyle Abbott,Kings XI Punjab,30,210,2016
282,India,Barinder Sran,Sunrisers Hyderabad,50,120,2016
283,India,Abhimanyu Mithun,Sunrisers Hyderabad,30,30,2016
284,India,R. P. Singh,Rising Pune Supergiant,30,30,2016
285,Australia,Travis Head,Royal Challengers Bangalore,30,50,2016
286,India,Sachin Baby,Royal Challengers Bangalore,10,10,2016
287,India,Karun Nair,Delhi Daredevils,10,400,2016
288,India,Paras Dogra,Gujarat Lions,10,400,2016
289,India,Ishan Kishan,Gujarat Lions,10,35,2016
290,India,Rishabh Pant,Delhi Daredevils,10,190,2016
291,India,Eklavya Dwivedi,Gujarat Lions,20,100,2016
292,India,Aditya Tare,Sunrisers Hyderabad,20,120,2016
293,India,Iqbal Abdulla,Royal Challengers Bangalore,10,10,2016
294,India,Deepak Hooda,Sunrisers Hyderabad,10,420,2016
295,India,Ankit Sharma,Rising Pune Supergiant,10,10,2016
296,India,Pawan Negi,Delhi Daredevils,30,850,2016
297,India,Rajat Bhatia,Rising Pune Supergiant,30,60,2016
298,India,Pradeep Sangwan,Gujarat Lions,20,20,2016
299,India,Nathu Singh,Mumbai Indians,10,320,2016
300,India,Ishwar Pandey,Rising Pune Supergiant,20,20,2016
301,India,Ankit Rajpoot,Kolkata Knight Riders,10,150,2016
302,India,Pravin Tambe,Gujarat Lions,10,20,2016
303,India,Shivil Kaushik,Gujarat Lions,10,10,2016
304,India,Sarabjit Ladda,Gujarat Lions,10,10,2016
305,India,Murugan Ashwin,Rising Pune Supergiant,10,450,2016
306,India,KC Cariappa,Kings XI Punjab,10,80,2016
307,Australia,Aaron Finch,Gujarat Lions,100,100,2016
308,England,Sam Billings,Delhi Daredevils,30,30,2016
309,India,Tirumalasetti Suman,Sunrisers Hyderabad,10,10,2016
310,India,Ankush Bains,Rising Pune Supergiant,10,10,2016
311,India,Umang Sharma,Gujarat Lions,10,10,2016
312,Australia,Peter Handscomb,Rising Pune Supergiant,30,30,2016
313,India,Jitesh Sharma,Mumbai Indians,10,10,2016
314,India,Armaan Jaffer,Kings XI Punjab,10,10,2016
315,Barbados,Jason Holder,Kolkata Knight Riders,50,70,2016
316,Sri Lanka,Thisara Perera,Rising Pune Supergiant,100,100,2016
317,Australia,Ben Cutting,Sunrisers Hyderabad,50,50,2016
318,Australia,Andrew Tye,Gujarat Lions,30,50,2016
319,India,Praveen Dubey,Royal Challengers Bangalore,10,35,2016
320,India,Rajagopal Sathish,Kolkata Knight Riders,20,20,2016
321,India,Vijay Shankar,Sunrisers Hyderabad,10,35,2016
322,India,Shadab Jakati,Gujarat Lions,20,20,2016
323,India,Akshay Karnewar,Royal Challengers Bangalore,10,10,2016
324,India,Akshdeep Nath,Gujarat Lions,10,10,2016
325,India,Manan Sharma,Kolkata Knight Riders,10,10,2016
326,India,Baba Aparajith,Rising Pune Supergiant,10,10,2016
327,India,Deepak Chahar,Rising Pune Supergiant,10,10,2016
328,India,Kishore Kamath,Mumbai Indians,10,140,2016
329,India,Pardeep Sahu,Kings XI Punjab,10,10,2016
330,India,Krunal Pandya,Mumbai Indians,10,200,2016
331,India,Deepak Punia,Mumbai Indians,10,10,2016
332,India,Swapnil Singh,Kings XI Punjab,10,10,2016
333,India,Khaleel Ahmed,Delhi Daredevils,10,10,2016
334,India,Jaydev Shah,Gujarat Lions,20,20,2016
335,India,Pratyush Singh,Delhi Daredevils,10,10,2016
336,India,Ashok Dinda,Rising Pune Supergiant,50,50,2016
337,Australia,Kane Richardson,Royal Challengers Bangalore,200,200,2016
338,Trinidad and Tobago,Samuel Badree,Royal Challengers Bangalore,50,50,2016
339,Australia,Joel Paris,Delhi Daredevils,30,30,2016
340,Australia,Scott Boland,Rising Pune Supergiant,50,50,2016
341,India,Vikramjeet Malik,Royal Challengers Bangalore,20,20,2016
342,India,Pawan Suyal,Delhi Daredevils,10,10,2016
343,Australia,Adam Zampa,Rising Pune Supergiant,30,30,2016
344,India,Amit Mishra,Gujarat Lions,10,10,2016
345,India,Jaskaran Singh,Rising Pune Supergiant,10,10,2016
346,India,Chama Milind,Delhi Daredevils,10,10,2016
347,India,Vikas Tokas,Royal Challengers Bangalore,10,10,2016
348,South Africa,Farhaan Behardien,Kings XI Punjab,30,30,2016
349,India,Akhil Herwadkar,Delhi Daredevils,10,10,2016
350,India,Mahipal Lomror,Delhi Daredevils,10,10,2016
351,England,Eoin Morgan,Kings XI Punjab,200,200,2017
352,India,Pawan Negi,Royal Challengers Bangalore,30,100,2017
353,Sri Lanka,Angelo Mathews,Delhi Daredevils,200,200,2017
354,England,Ben Stokes,Rising Pune Supergiants,200,1450,2017
355,New Zealand,Corey Anderson,Delhi Daredevils,100,100,2017
356,Trinidad and Tobago,Nicholas Pooran,Mumbai Indians,30,30,2017
357,South Africa,Kagiso Rabada,Delhi Daredevils,100,500,2017
358,New Zealand,Trent Boult,Kolkata Knight Riders,150,500,2017
359,England,Tymal Mills,Royal Challengers Bangalore,50,1200,2017
360,Australia,Pat Cummins,Delhi Daredevils,200,450,2017
361,Australia,Mitchell Johnson,Mumbai Indians,200,200,2017
362,India,Ankit Bawne,Delhi Daredevils,10,10,2017
363,India,Tanmay Agarwal,Sunrisers Hyderabad,10,10,2017
364,Afghanistan,Mohammad Nabi,Sunrisers Hyderabad,30,30,2017
365,India,K Gowtham,Mumbai Indians,10,200,2017
366,India,Rahul Tewatia,Kings XI Punjab,10,25,2017
367,India,Aditya Tare,Delhi Daredevils,20,25,2017
368,India,Eklavya Dwivedi,Sunrisers Hyderabad,30,75,2017
369,India,Aniket Choudhary,Royal Challengers Bangalore,10,200,2017
370,India,T Natarajan,Kings XI Punjab,10,300,2017
371,India,Nathu Singh,Gujarat Lions,30,50,2017
372,India,Basil Thampi,Gujarat Lions,10,85,2017
373,India,M Ashwin,Delhi Daredevils,10,100,2017
374,India,Tejas Baroka,Gujarat Lions,10,10,2017
375,Afghanistan,Rashid Khan,Sunrisers Hyderabad,50,400,2017
376,India,Pravin Tambe,Sunrisers Hyderabad,10,10,2017
377,England,Chris Woakes,Kolkata Knight Riders,200,420,2017
378,India,Karn Sharma,Mumbai Indians,30,320,2017
379,India,Rishi Dhawan,Kolkata Knight Riders,30,55,2017
380,New Zealand,Matt Henry,Kings XI Punjab,50,50,2017
381,India,Jaydev Unadkat,Rising Pune Supergiants,30,30,2017
382,India,Varun Aaron,Kings XI Punjab,30,280,2017
383,India,Manpreet Gony,Gujarat Lions,30,60,2017
384,New Zealand,Martin Guptill,Kings XI Punjab,50,50,2017
385,England,Jason Roy,Gujarat Lions,100,100,2017
386,India,Saurabh Tiwary,Mumbai Indians,30,30,2017
387,England,Chris Jordan,Sunrisers Hyderabad,50,50,2017
388,Australia,Nathan Coulter-Nile,Kolkata Knight Riders,100,350,2017
389,India,Praveen Dubey,Royal Challengers Bangalore,10,10,2017
390,India,Navdeep Saini,Delhi Daredevils,10,10,2017
391,Australia,Ben Laughlin,Sunrisers Hyderabad,30,30,2017
392,Australia,Billy Stanlake,Royal Challengers Bangalore,30,30,2017
393,India,Mohammed Siraj,Sunrisers Hyderabad,20,260,2017
394,India,Rahul Chahar,Rising Pune Supergiants,10,10,2017
395,India,Saurabh Kumar,Rising Pune Supergiants,10,10,2017
396,Sri Lanka,Asela Gunaratne,Mumbai Indians,30,30,2017
397,Australia,Daniel Christian,Rising Pune Supergiants,100,100,2017
398,Jamaica,Rovman Powell,Kolkata Knight Riders,30,30,2017
399,Saint Lucia,Darren Sammy,Kings XI Punjab,30,30,2017
400,India,Munaf Patel,Gujarat Lions,30,30,2017
401,India,Rinku Singh,Kings XI Punjab,10,10,2017
402,India,Shashank Singh,Delhi Daredevils,10,10,2017
403,India,Milind Tandon,Rising Pune Supergiants,10,10,2017
404,India,Kulwant Khejroliya,Mumbai Indians,10,10,2017
405,United Arab Emirates,Chirag Suri,Gujarat Lions,10,10,2017
406,India,R Sanjay Yadav,Kolkata Knight Riders,10,10,2017
407,India,Shelley Shaurya,Gujarat Lions,10,10,2017
408,India,Shubham Agarwal,Gujarat Lions,10,10,2017
409,India,Ishank Jaggi,Kolkata Knight Riders,10,10,2017
410,India,Rahul Tripathi,Rising Pune Supergiants,10,10,2017
411,India,Pratham Singh,Gujarat Lions,10,10,2017
412,India,Akshdeep Nath,Gujarat Lions,10,10,2017
413,New Zealand,Lockie Ferguson,Rising Pune Supergiants,50,50,2017
414,India,Manoj Tiwary,Rising Pune Supergiants,50,50,2017
415,Trinidad and Tobago,Darren Bravo,Kolkata Knight Riders,50,50,2017
416,India,Sayan Ghosh,Kolkata Knight Riders,10,10,2017
417,India,Shikhar Dhawan,Sunrisers Hyderabad,200,520,2018
418,India,Ravichandran Ashwin,Kings XI Punjab,200,760,2018
419,Trinidad and Tobago,Kieron Pollard,Mumbai Indians,200,540,2018
420,England,Ben Stokes,Rajasthan Royals,200,1250,2018
421,South Africa,Faf du Plessis,Chennai Super Kings,150,160,2018
422,India,Ajinkya Rahane,Rajasthan Royals,200,400,2018
423,Australia,Mitchell Starc,Kolkata Knight Riders,200,940,2018
424,India,Harbhajan Singh,Chennai Super Kings,200,200,2018
425,Bangladesh,Shakib Al Hasan,Sunrisers Hyderabad,100,200,2018
426,Australia,Glenn Maxwell,Delhi Daredevils,200,900,2018
427,India,Gautam Gambhir,Delhi Daredevils,200,280,2018
428,Trinidad and Tobago,Dwayne Bravo,Chennai Super Kings,200,640,2018
429,New Zealand,Kane Williamson,Sunrisers Hyderabad,150,300,2018
430,India,Yuvraj Singh,Kings XI Punjab,200,200,2018
431,India,Karun Nair,Kings XI Punjab,50,560,2018
432,India,KL Rahul,Kings XI Punjab,200,1100,2018
433,South Africa,David Miller,Kings XI Punjab,150,300,2018
434,Australia,Aaron Finch,Kings XI Punjab,150,620,2018
435,New Zealand,Brendon McCullum,Royal Challengers Bangalore,200,360,2018
436,England,Jason Roy,Delhi Daredevils,150,150,2018
437,Australia,Chris Lynn,Kolkata Knight Riders,200,960,2018
438,India,Manish Pandey,Sunrisers Hyderabad,100,1100,2018
439,England,Chris Woakes,Royal Challengers Bangalore,200,740,2018
440,Barbados,Carlos Brathwaite,Sunrisers Hyderabad,100,200,2018
441,Australia,Shane Watson,Chennai Super Kings,100,400,2018
442,India,Kedar Jadhav,Chennai Super Kings,200,780,2018
443,New Zealand,Colin de Grandhomme,Royal Challengers Bangalore,75,220,2018
444,India,Yusuf Pathan,Sunrisers Hyderabad,75,190,2018
445,New Zealand,Colin Munro,Delhi Daredevils,50,190,2018
446,India,Stuart Binny,Rajasthan Royals,50,50,2018
447,Australia,Marcus Stoinis,Kings XI Punjab,200,620,2018
448,England,Moeen Ali,Royal Challengers Bangalore,150,170,2018
449,South Africa,Quinton de Kock,Royal Challengers Bangalore,200,280,2018
450,India,Wriddhiman Saha,Sunrisers Hyderabad,100,500,2018
451,India,Dinesh Karthik,Kolkata Knight Riders,200,740,2018
452,India,Robin Uthappa,Kolkata Knight Riders,200,640,2018
453,India,Sanju Samson,Rajasthan Royals,100,800,2018
454,India,Ambati Rayudu,Chennai Super Kings,50,220,2018
455,England,Jos Buttler,Rajasthan Royals,150,440,2018
456,Bangladesh,Mustafizur Rahman,Mumbai Indians,100,220,2018
457,Australia,Pat Cummins,Mumbai Indians,200,540,2018
458,India,Umesh Yadav,Royal Challengers Bangalore,100,420,2018
459,India,Mohammed Shami,Delhi Daredevils,100,300,2018
460,South Africa,Kagiso Rabada,Delhi Daredevils,150,420,2018
461,India,Piyush Chawla,Kolkata Knight Riders,100,420,2018
462,South Africa,Imran Tahir,Chennai Super Kings,100,100,2018
463,India,Karn Sharma,Chennai Super Kings,200,500,2018
464,Afghanistan,Rashid Khan,Sunrisers Hyderabad,200,900,2018
465,India,Amit Mishra,Delhi Daredevils,150,400,2018
466,India,Yuzvendra Chahal,Royal Challengers Bangalore,200,600,2018
467,India,Kuldeep Yadav,Kolkata Knight Riders,150,580,2018
468,India,Suryakumar Yadav,Mumbai Indians,30,320,2018
469,India,Shubman Gill,Kolkata Knight Riders,20,180,2018
470,India,Ishank Jaggi,Kolkata Knight Riders,20,20,2018
471,India,Ricky Bhui,Sunrisers Hyderabad,20,20,2018
472,India,Mayank Agarwal,Kings XI Punjab,20,100,2018
473,India,Rahul Tripathi,Rajasthan Royals,20,340,2018
474,India,Manan Vohra,Royal Challengers Bangalore,20,110,2018
475,India,Prithvi Shaw,Delhi Daredevils,20,120,2018
476,India,Rahul Tewatia,Delhi Daredevils,20,300,2018
477,India,Deepak Hooda,Sunrisers Hyderabad,40,360,2018
478,India,Vijay Shankar,Delhi Daredevils,40,320,2018
479,India,Harshal Patel,Delhi Daredevils,20,20,2018
480,India,Kamlesh Nagarkoti,Kolkata Knight Riders,20,320,2018
481,India,Krunal Pandya,Mumbai Indians,40,880,2018
482,India,Nitish Rana,Kolkata Knight Riders,20,340,2018
483,Australia,D'Arcy Short,Rajasthan Royals,20,400,2018
484,Barbados,Jofra Archer,Rajasthan Royals,40,720,2018
485,India,Ishan Kishan,Mumbai Indians,40,620,2018
486,India,Kulwant Khejroliya,Royal Challengers Bangalore,20,85,2018
487,India,Siddharth Kaul,Sunrisers Hyderabad,30,380,2018
488,India,T Natarajan,Sunrisers Hyderabad,40,40,2018
489,India,Basil Thampi,Sunrisers Hyderabad,30,95,2018
490,India,Aniket Choudhary,Royal Challengers Bangalore,30,30,2018
491,India,Khaleel Ahmed,Sunrisers Hyderabad,20,300,2018
492,India,Navdeep Saini,Royal Challengers Bangalore,20,300,2018
493,India,Avesh Khan,Delhi Daredevils,20,70,2018
494,India,Ankit Rajpoot,Kings XI Punjab,30,300,2018
495,India,Rahul Chahar,Mumbai Indians,20,190,2018
496,India,Shahbaz Nadeem,Delhi Daredevils,40,320,2018
497,India,Krishnappa Gowtham,Rajasthan Royals,20,620,2018
498,India,Murugan Ashwin,Royal Challengers Bangalore,20,220,2018
499,Trinidad and Tobago,Evin Lewis,Mumbai Indians,150,380,2018
500,India,Saurabh Tiwary,Mumbai Indians,50,80,2018
501,India,Mandeep Singh,Royal Challengers Bangalore,50,140,2018
502,India,Manoj Tiwary,Kings XI Punjab,50,100,2018
503,India,Washington Sundar,Royal Challengers Bangalore,150,320,2018
504,India,Pawan Negi,Royal Challengers Bangalore,50,100,2018
505,Australia,Daniel Christian,Delhi Daredevils,100,150,2018
506,India,Jayant Yadav,Delhi Daredevils,50,50,2018
507,India,Gurkeerat Singh,Delhi Daredevils,50,75,2018
508,Australia,Ben Cutting,Mumbai Indians,100,220,2018
509,Afghanistan,Mohammad Nabi,Sunrisers Hyderabad,50,100,2018
510,India,Dhawal Kulkarni,Rajasthan Royals,50,75,2018
511,India,Mohit Sharma,Kings XI Punjab,150,240,2018
512,India,Sandeep Sharma,Sunrisers Hyderabad,50,300,2018
513,India,Vinay Kumar,Kolkata Knight Riders,100,100,2018
514,India,Mohammed Siraj,Royal Challengers Bangalore,100,260,2018
515,Australia,Nathan Coulter-Nile,Royal Challengers Bangalore,150,220,2018
516,India,Jaydev Unadkat,Rajasthan Royals,150,1150,2018
517,New Zealand,Trent Boult,Delhi Daredevils,150,220,2018
518,India,Shardul Thakur,Chennai Super Kings,75,260,2018
519,Afghanistan,Mujeeb Zadran,Kings XI Punjab,50,400,2018
520,India,Apoorv Wankhade,Kolkata Knight Riders,20,20,2018
521,India,Rinku Singh,Kolkata Knight Riders,20,80,2018
522,India,Sachin Baby,Sunrisers Hyderabad,20,20,2018
523,India,Manjot Kalra,Delhi Daredevils,20,20,2018
524,India,Ankit Sharma,Rajasthan Royals,20,20,2018
525,India,Shivam Mavi,Kolkata Knight Riders,20,300,2018
526,India,Abhishek Sharma,Delhi Daredevils,20,55,2018
527,India,Pradeep Sangwan,Mumbai Indians,30,150,2018
528,India,Anureet Singh,Rajasthan Royals,30,30,2018
529,India,Narayan Jagadeesan,Chennai Super Kings,20,20,2018
530,Afghanistan,Zahir Khan Pakteen,Rajasthan Royals,20,60,2018
531,South Africa,Jean-Paul Duminy,Mumbai Indians,100,100,2018
532,England,Chris Jordan,Sunrisers Hyderabad,100,100,2018
533,New Zealand,Mitchell Santner,Chennai Super Kings,50,50,2018
534,Australia,Jason Behrendorff,Mumbai Indians,100,150,2018
535,India,Barinder Sran,Kings XI Punjab,50,220,2018
536,Australia,Billy Stanlake,Sunrisers Hyderabad,50,50,2018
537,Australia,Andrew Tye,Kings XI Punjab,100,720,2018
538,India,Tanmay Agarwal,Sunrisers Hyderabad,20,20,2018
539,India,Deepak Chahar,Chennai Super Kings,20,80,2018
540,South Africa,Cameron Delport,Kolkata Knight Riders,30,30,2018
541,India,Tajinder Singh,Mumbai Indians,20,55,2018
542,India,Shreyas Gopal,Rajasthan Royals,20,20,2018
543,India,Akshdeep Nath,Kings XI Punjab,20,100,2018
544,India,Shreevats Goswami,Sunrisers Hyderabad,20,100,2018
545,Australia,Ben Dwarshuis,Kings XI Punjab,20,140,2018
546,India,KM Asif,Chennai Super Kings,20,40,2018
547,Nepal,Sandeep Lamichhane,Delhi Daredevils,20,20,2018
548,South Africa,Lungisani Ngidi,Chennai Super Kings,50,50,2018
549,India,Sharad Lumba,Mumbai Indians,20,20,2018
550,India,Kanishk Seth,Chennai Super Kings,20,20,2018
551,India,Dhruv Shorey,Chennai Super Kings,20,20,2018
552,India,Aniruddha Joshi,Royal Challengers Bangalore,20,20,2018
553,India,Sudhesan Midhun,Rajasthan Royals,20,20,2018
554,India,Murali Vijay,Chennai Super Kings,200,200,2018
555,England,Sam Billings,Chennai Super Kings,100,100,2018
556,India,Naman Ojha,Delhi Daredevils,75,140,2018
557,India,Parthiv Patel,Royal Challengers Bangalore,100,170,2018
558,Australia,Mitchell Johnson,Kolkata Knight Riders,200,200,2018
559,New Zealand,Tim Southee,Royal Challengers Bangalore,100,100,2018
560,India,Siddhesh Lad,Mumbai Indians,20,20,2018
561,India,Prashant Chopra,Rajasthan Royals,20,20,2018
562,India,Aditya Tare,Mumbai Indians,20,20,2018
563,India,Bipul Sharma,Sunrisers Hyderabad,20,20,2018
564,India,Sayan Ghosh,Delhi Daredevils,20,20,2018
565,India,Mayank Markande,Mumbai Indians,20,20,2018
566,Australia,Ben Laughlin,Rajasthan Royals,50,50,2018
567,Sri Lanka,Akila Dananjaya,Mumbai Indians,50,50,2018
568,India,Pardeep Sahu,Kings XI Punjab,20,20,2018
569,India,Mayank Dagar,Kings XI Punjab,20,20,2018
570,India,Anukul Roy,Mumbai Indians,20,20,2018
571,England,Mark Wood,Chennai Super Kings,150,150,2018
572,India,Mahipal Lomror,Rajasthan Royals,20,20,2018
573,India,Mohsin Khan,Mumbai Indians,20,20,2018
574,India,Mehdi Hasan,Sunrisers Hyderabad,20,20,2018
575,India,Kshitiz Sharma,Chennai Super Kings,20,20,2018
576,India,Monu Kumar,Chennai Super Kings,20,20,2018
577,India,Chaitanya Bishnoi,Chennai Super Kings,20,20,2018
578,India,Jatin Saxena,Rajasthan Royals,20,20,2018
579,India,Aryaman Birla,Rajasthan Royals,20,30,2018
580,India,Pavan Deshpande,Royal Challengers Bangalore,20,20,2018
581,Jamaica,Chris Gayle,Kings XI Punjab,200,200,2018
582,Sri Lanka,Dushmantha Chameera,Rajasthan Royals,50,50,2018
583,India,M. D. Nidheesh,Mumbai Indians,20,20,2018
584,India,Manzoor Dar,Kings XI Punjab,20,20,2018
585,Barbados,Javon Searles,Kolkata Knight Riders,30,30,2018
586,India,Hanuma Vihari,Delhi Capitals,50,200,2019
587,Guyana,Shimron Hetmyer,Royal Challengers Bangalore,50,420,2019
588,Barbados,Carlos Brathwaite,Kolkata Knight Riders,75,500,2019
589,India,Gurkeerat Singh,Royal Challengers Bangalore,50,50,2019
590,Australia,Moises Henriques,Kings XI Punjab,100,100,2019
591,India,Axar Patel,Delhi Capitals,100,500,2019
592,England,Jonny Bairstow,Sunrisers Hyderabad,150,220,2019
593,Trinidad and Tobago,Nicholas Pooran,Kings XI Punjab,75,420,2019
594,India,Wriddhiman Saha,Sunrisers Hyderabad,100,120,2019
595,India,Jaydev Unadkat,Rajasthan Royals,150,840,2019
596,India,Ishant Sharma,Delhi Capitals,75,110,2019
597,Sri Lanka,Lasith Malinga,Mumbai Indians,200,200,2019
598,India,Mohammad Shami,Kings XI Punjab,100,480,2019
599,India,Varun Aaron,Rajasthan Royals,50,240,2019
600,India,Mohit Sharma,Chennai Super Kings,50,500,2019
601,India,Devdutt Padikkal,Royal Challengers Bangalore,20,20,2019
602,India,Anmolpreet Singh,Mumbai Indians,20,80,2019
603,India,Sarfaraz Khan,Kings XI Punjab,20,25,2019
604,India,Shivam Dube,Royal Challengers Bangalore,20,500,2019
605,India,Varun Chakravarthy,Kings XI Punjab,20,840,2019
606,India,Ankush Bains,Delhi Capitals,20,20,2019
607,India,Nathu Singh,Delhi Capitals,20,20,2019
608,South Africa,Colin Ingram,Delhi Capitals,200,640,2019
609,England,Sam Curran,Kings XI Punjab,200,720,2019
610,South Africa,Heinrich Klaasen,Royal Challengers Bangalore,50,50,2019
611,India,Barinder Sran,Mumbai Indians,50,340,2019
612,New Zealand,Lockie Ferguson,Kolkata Knight Riders,100,160,2019
613,Guyana,Sherfane Rutherford,Delhi Capitals,40,200,2019
614,South Africa,Anrich Nortje,Kolkata Knight Riders,20,20,2019
615,Jamaica,Oshane Thomas,Rajasthan Royals,50,110,2019
616,South Africa,Hardus Viljoen,Kings XI Punjab,75,75,2019
617,India,Himmat Singh,Royal Challengers Bangalore,20,65,2019
618,India,Nikhil Naik,Kolkata Knight Riders,20,20,2019
619,India,Arshdeep Singh,Kings XI Punjab,20,20,2019
620,England,Harry Gurney,Kolkata Knight Riders,75,75,2019
621,India,Pankaj Jaiswal,Mumbai Indians,20,20,2019
622,India,Milind Kumar,Royal Challengers Bangalore,20,20,2019
623,India,Darshan Nalkande,Kings XI Punjab,20,30,2019
624,India,Shashank Singh,Rajasthan Royals,20,30,2019
625,India,Prab Simran Singh,Kings XI Punjab,20,480,2019
626,India,Rasikh Salam,Mumbai Indians,20,20,2019
627,India,Prithvi Raj Yarra,Kolkata Knight Riders,20,20,2019
628,England,Liam Livingstone,Rajasthan Royals,50,50,2019
629,Guyana,Keemo Paul,Delhi Capitals,50,50,2019
630,India,Prayas Ray Barman,Royal Challengers Bangalore,20,150,2019
631,India,Agnivesh Ayachi,Kings XI Punjab,20,20,2019
632,India,Harpreet Brar,Kings XI Punjab,20,20,2019
633,New Zealand,Martin Guptill,Sunrisers Hyderabad,100,100,2019
634,India,Yuvraj Singh,Mumbai Indians,100,100,2019
635,India,Akshdeep Nath,Royal Challengers Bangalore,20,360,2019
636,India,Jalaj Saxena,Delhi Capitals,20,20,2019
637,India,Murugan Ashwin,Kings XI Punjab,20,20,2019
638,India,Ruturaj Gaikwad,Chennai Super Kings,20,20,2019
639,India,Shubham Ranjane,Rajasthan Royals,20,20,2019
640,England,Joe Denly,Kolkata Knight Riders,100,100,2019
641,India,Bandaru Ayyappa,Delhi Capitals,20,20,2019
642,India,Shrikant Mundhe,Kolkata Knight Riders,20,20,2019
643,India,Manan Vohra,Rajasthan Royals,20,20,2019
644,Australia,Ashton Turner,Rajasthan Royals,50,50,2019
645,India,Riyan Parag,Rajasthan Royals,20,20,2019
646,Australia,Chris Lynn,Mumbai Indians,200,200,2020
647,England,Eoin Morgan,Kolkata Knight Riders,200,525,2020
648,India,Robin Uthappa,Rajasthan Royals,150,300,2020
649,England,Jason Roy,Delhi Capitals,150,150,2020
650,Australia,Aaron Finch,Royal Challengers Bangalore,100,440,2020
651,Australia,Glenn Maxwell,Kings XI Punjab,200,1075,2020
652,England,Chris Woakes,Delhi Capitals,150,150,2020
653,Australia,Pat Cummins,Kolkata Knight Riders,200,1550,2020
654,England,Sam Curran,Chennai Super Kings,100,550,2020
655,South Africa,Chris Morris,Royal Challengers Bangalore,150,1000,2020
656,Australia,Alex Carey,Delhi Capitals,50,240,2020
657,India,Jaydev Unadkat,Rajasthan Royals,100,300,2020
658,Australia,Nathan Coulter-Nile,Mumbai Indians,100,800,2020
659,Jamaica,Sheldon Cottrell,Kings XI Punjab,50,850,2020
660,India,Piyush Chawla,Chennai Super Kings,100,675,2020
661,India,Rahul Tripathi,Kolkata Knight Riders,20,60,2020
662,India,Virat Singh,Sunrisers Hyderabad,20,190,2020
663,India,Priyam Garg,Sunrisers Hyderabad,20,190,2020
664,India,Deepak Hooda,Kings XI Punjab,40,50,2020
665,India,Varun Chakravarthy,Kolkata Knight Riders,30,400,2020
666,India,Yashasvi Jaiswal,Rajasthan Royals,20,240,2020
667,India,Anuj Rawat,Rajasthan Royals,20,80,2020
668,India,Akash Singh,Rajasthan Royals,20,20,2020
669,India,Kartik Tyagi,Rajasthan Royals,20,130,2020
670,India,Ishan Porel,Kings XI Punjab,20,20,2020
671,India,M Siddharth,Kolkata Knight Riders,20,20,2020
672,India,Ravi Bishnoi,Kings XI Punjab,20,200,2020
673,Guyana,Shimron Hetmyer,Delhi Capitals,50,775,2020
674,South Africa,David Miller,Rajasthan Royals,75,75,2020
675,India,Saurabh Tiwary,Mumbai Indians,50,50,2020
676,Australia,Mitchell Marsh,Sunrisers Hyderabad,200,200,2020
677,New Zealand,James Neesham,Kings XI Punjab,50,50,2020
678,Australia,Josh Hazlewood,Chennai Super Kings,200,200,2020
679,India,Bavanaka Sandeep,Sunrisers Hyderabad,20,20,2020
680,Australia,Chris Green,Kolkata Knight Riders,20,20,2020
681,Australia,Josh Philippe,Royal Challengers Bangalore,20,20,2020
682,India,Mohsin Khan,Mumbai Indians,20,20,2020
683,England,Tom Banton,Kolkata Knight Riders,100,100,2020
684,Jamaica,Fabian Allen,Sunrisers Hyderabad,50,50,2020
685,England,Chris Jordan,Kings XI Punjab,75,300,2020
686,Australia,Kane Richardson,Royal Challengers Bangalore,150,400,2020
687,Jamaica,Oshane Thomas,Rajasthan Royals,50,50,2020
688,India,Pravin Tambe,Kolkata Knight Riders,20,20,2020
689,India,Tajinder Singh Dhillon,Kings XI Punjab,20,20,2020
690,India,Abdul Samad,Sunrisers Hyderabad,20,20,2020
691,India,Aniruddha Joshi,Rajasthan Royals,20,20,2020
692,India,Digvijay Deshmukh,Mumbai Indians,20,20,2020
693,India,Prince Balwant Rai,Mumbai Indians,20,20,2020
694,India,Sanjay Yadav,Sunrisers Hyderabad,20,20,2020
695,India,Mohit Sharma,Delhi Capitals,50,50,2020
696,India,Pavan Deshpande,Royal Challengers Bangalore,20,20,2020
697,India,Prab Simran Singh,Kings XI Punjab,20,55,2020
698,India,Tushar Deshpande,Delhi Capitals,20,20,2020
699,India,R Sai Kishore,Chennai Super Kings,20,20,2020
700,Australia,Marcus Stoinis,Delhi Capitals,100,480,2020
701,South Africa,Dale Steyn,Royal Challengers Bangalore,200,200,2020
702,Australia,Andrew Tye,Rajasthan Royals,100,100,2020
703,India,Lalit Yadav,Delhi Capitals,20,20,2020
704,India,Shahbaz Ahmed,Royal Challengers Bangalore,20,20,2020
705,India,Nikhil Naik,Kolkata Knight Riders,20,20,2020
706,England,Tom Curran,Rajasthan Royals,100,100,2020
707,Sri Lanka,Isuru Udana,Royal Challengers Bangalore,50,50,2020
708,Australia,Steve Smith,Delhi Capitals,200,220,2021
709,Australia,Glenn Maxwell,Royal Challengers Bangalore,200,1425,2021
710,Bangladesh,Shakib Al Hasan,Kolkata Knight Riders,200,320,2021
711,England,Moeen Ali,Chennai Super Kings,200,700,2021
712,India,Shivam Dube,Rajasthan Royals,50,440,2021
713,South Africa,Chris Morris,Rajasthan Royals,75,1625,2021
714,England,Dawid Malan,Punjab Kings,150,150,2021
715,New Zealand,Adam Milne,Mumbai Indians,50,320,2021
716,Bangladesh,Mustafizur Rahman,Rajasthan Royals,100,100,2021
717,Australia,Jhye Richardson,Punjab Kings,150,1400,2021
718,Australia,Nathan Coulter-Nile,Mumbai Indians,150,500,2021
719,India,Umesh Yadav,Delhi Capitals,100,100,2021
720,India,Piyush Chawla,Mumbai Indians,50,240,2021
721,India,Sachin Baby,Royal Challengers Bangalore,20,20,2021
722,India,Rajat Patidar,Royal Challengers Bangalore,20,20,2021
723,India,Ripal Patel,Delhi Capitals,20,20,2021
724,India,Shahrukh Khan,Punjab Kings,20,525,2021
725,India,Krishnappa Gowtham,Chennai Super Kings,20,925,2021
726,India,Vishnu Vinod,Delhi Capitals,20,20,2021
727,India,Sheldon Jackson,Kolkata Knight Riders,20,20,2021
728,India,Mohammed Azharuddeen,Royal Challengers Bangalore,20,20,2021
729,India,Lukman Hussain Meriwala,Delhi Capitals,20,20,2021
730,India,Chetan Sakariya,Rajasthan Royals,20,120,2021
731,Australia,Riley Meredith,Punjab Kings,40,800,2021
732,India,Manimaran Siddharth,Delhi Capitals,20,20,2021
733,India,Jagadeesha Suchith,Sunrisers Hyderabad,20,30,2021
734,India,K. C. Cariappa,Rajasthan Royals,20,20,2021
735,India,Cheteshwar Pujara,Chennai Super Kings,50,50,2021
736,New Zealand,Kyle Jamieson,Royal Challengers Bangalore,75,1500,2021
737,England,Tom Curran,Delhi Capitals,150,525,2021
738,Australia,Moises Henriques,Punjab Kings,100,420,2021
739,India,Jalaj Saxena,Punjab Kings,20,30,2021
740,India,Utkarsh Singh,Punjab Kings,20,20,2021
741,India,Vaibhav Arora,Kolkata Knight Riders,20,20,2021
742,Jamaica,Fabian Allen,Punjab Kings,75,75,2021
743,Australia,Dan Christian,Royal Challengers Bangalore,75,480,2021
744,England,Liam Livingstone,Rajasthan Royals,75,75,2021
745,India,Suyash Prabhudessai,Royal Challengers Bangalore,20,20,2021
746,India,Kona Srikar Bharat,Royal Challengers Bangalore,20,20,2021
747,India,Harishankar Reddy,Chennai Super Kings,20,20,2021
748,India,Kuldip Yadav,Rajasthan Royals,20,20,2021
749,New Zealand,James Neesham,Mumbai Indians,50,50,2021
750,India,Yudhvir Charak,Mumbai Indians,20,20,2021
751,India,Bhagath Varma,Chennai Super Kings,20,20,2021
752,South Africa,Marco Jansen,Mumbai Indians,20,20,2021
753,India,Saurabh Kumar,Punjab Kings,20,20,2021
754,India,Karun Nair,Kolkata Knight Riders,50,50,2021
755,India,Kedar Jadhav,Sunrisers Hyderabad,200,200,2021
756,England,Sam Billings,Delhi Capitals,200,200,2021
757,Afghanistan,Mujeeb Ur Rahman,Sunrisers Hyderabad,150,150,2021
758,India,Harbhajan Singh,Kolkata Knight Riders,200,200,2021
759,India,Chezhian Harinishanth,Chennai Super Kings,20,20,2021
760,Australia,Ben Cutting,Kolkata Knight Riders,75,75,2021
761,India,Venkatesh Iyer,Kolkata Knight Riders,20,20,2021
762,India,Pawan Negi,Kolkata Knight Riders,50,50,2021
763,India,Akash Singh,Rajasthan Royals,20,20,2021
764,India,Arjun Tendulkar,Mumbai Indians,20,20,2021
765,India,Shikhar Dhawan,Punjab Kings,200,825,2022
766,India,Ravichandran Ashwin,Rajasthan Royals,200,500,2022
767,Australia,Pat Cummins,Kolkata Knight Riders,200,725,2022
768,South Africa,Kagiso Rabada,Punjab Kings,200,925,2022
769,New Zealand,Trent Boult,Rajasthan Royals,200,800,2022
770,India,Shreyas Iyer,Kolkata Knight Riders,200,1225,2022
771,India,Mohammed Shami,Gujarat Titans,200,625,2022
772,South Africa,Faf du Plessis,Royal Challengers Bangalore,200,700,2022
773,South Africa,Quinton de Kock,Lucknow Super Giants,200,675,2022
774,Australia,David Warner,Delhi Capitals,200,625,2022
775,India,Manish Pandey,Lucknow Super Giants,150,460,2022
776,West Indies,Shimron Hetmyer,Rajasthan Royals,150,850,2022
777,India,Robin Uthappa,Chennai Super Kings,200,200,2022
778,England,Jason Roy,Gujarat Titans,200,200,2022
779,India,Devdutt Padikkal,Rajasthan Royals,150,775,2022
780,West Indies,Dwayne Bravo,Chennai Super Kings,150,440,2022
781,India,Nitish Rana,Kolkata Knight Riders,150,800,2022
782,West Indies,Jason Holder,Lucknow Super Giants,150,875,2022
783,India,Harshal Patel,Royal Challengers Bangalore,150,1075,2022
784,India,Deepak Hooda,Lucknow Super Giants,75,575,2022
785,Sri Lanka,Wanindu Hasaranga,Royal Challengers Bangalore,100,1075,2022
786,India,Washington Sundar,Sunrisers Hyderabad,150,875,2022
787,India,Krunal Pandya,Lucknow Super Giants,200,825,2022
788,Australia,Mitchell Marsh,Delhi Capitals,200,650,2022
789,India,Ambati Rayudu,Chennai Super Kings,200,675,2022
790,India,Ishan Kishan,Mumbai Indians,150,1525,2022
791,England,Jonny Bairstow,Punjab Kings,100,675,2022
792,India,Dinesh Karthik,Royal Challengers Bangalore,200,550,2022
793,West Indies,Nicholas Pooran,Sunrisers Hyderabad,150,1075,2022
794,India,T. Natarajan,Sunrisers Hyderabad,100,400,2022
795,India,Deepak Chahar,Chennai Super Kings,200,1400,2022
796,India,Prasidh Krishna,Rajasthan Royals,100,1000,2022
797,New Zealand,Lockie Ferguson,Gujarat Titans,200,1000,2022
798,Australia,Josh Hazlewood,Royal Challengers Bangalore,150,775,2022
799,England,Mark Wood,Lucknow Super Giants,200,750,2022
800,India,Bhuvneshwar Kumar,Sunrisers Hyderabad,200,420,2022
801,India,Shardul Thakur,Delhi Capitals,200,1075,2022
802,Bangladesh,Mustafizur Rahman,Delhi Capitals,200,200,2022
803,India,Kuldeep Yadav,Delhi Capitals,100,200,2022
804,India,Rahul Chahar,Punjab Kings,75,525,2022
805,India,Yuzvendra Chahal,Rajasthan Royals,200,650,2022
806,India,Priyam Garg,Sunrisers Hyderabad,20,20,2022
807,India,Abhinav Manohar Sadarangani,Gujarat Titans,20,260,2022
808,South Africa,Dewald Brevis,Mumbai Indians,20,300,2022
809,India,Ashwin Hebbar,Delhi Capitals,20,20,2022
810,India,Rahul Tripathi,Sunrisers Hyderabad,40,850,2022
811,India,Riyan Parag,Rajasthan Royals,30,380,2022
812,India,Abhishek Sharma,Sunrisers Hyderabad,20,650,2022
813,India,Sarfaraz Khan,Delhi Capitals,20,20,2022
814,India,M. Shahrukh Khan,Punjab Kings,40,900,2022
815,India,Shivam Mavi,Kolkata Knight Riders,40,725,2022
816,India,Rahul Tewatia,Gujarat Titans,40,900,2022
817,India,Kamlesh Nagarkoti,Delhi Capitals,40,110,2022
818,India,Harpreet Brar,Punjab Kings,20,380,2022
819,India,Shahbaz Ahmed,Royal Challengers Bangalore,30,240,2022
820,India,K. S. Bharat,Delhi Capitals,20,200,2022
821,India,Anuj Rawat,Royal Challengers Bangalore,20,340,2022
822,India,Prabhsimran Singh,Punjab Kings,20,60,2022
823,India,Sheldon Jackson,Kolkata Knight Riders,30,60,2022
824,India,Jitesh Sharma,Punjab Kings,20,20,2022
825,India,Basil Thampi,Mumbai Indians,30,30,2022
826,India,Kartik Tyagi,Sunrisers Hyderabad,20,400,2022
827,India,Akash Deep,Royal Challengers Bangalore,20,20,2022
828,India,KM Asif,Chennai Super Kings,20,20,2022
829,India,Avesh Khan,Lucknow Super Giants,20,1000,2022
830,India,Ishan Porel,Punjab Kings,20,25,2022
831,India,Tushar Deshpande,Chennai Super Kings,20,20,2022
832,India,Ankit Rajpoot,Lucknow Super Giants,20,50,2022
833,Afghanistan,Noor Ahmad,Gujarat Titans,30,30,2022
834,India,Murugan Ashwin,Mumbai Indians,20,160,2022
835,India,K. C. Cariappa,Rajasthan Royals,20,30,2022
836,India,Shreyas Gopal,Sunrisers Hyderabad,20,75,2022
837,India,Jagadeesha Suchith,Sunrisers Hyderabad,20,20,2022
838,India,Ravisrinivasan Sai Kishore,Gujarat Titans,20,300,2022
839,South Africa,Aiden Markram,Sunrisers Hyderabad,100,260,2022
840,India,Ajinkya Rahane,Kolkata Knight Riders,100,100,2022
841,India,Mandeep Singh,Delhi Capitals,50,110,2022
842,England,Liam Livingstone,Punjab Kings,100,1150,2022
843,West Indies,Dominic Drakes,Gujarat Titans,75,110,2022
844,India,Jayant Yadav,Gujarat Titans,100,170,2022
845,India,Vijay Shankar,Gujarat Titans,50,140,2022
846,West Indies,Odean Smith,Punjab Kings,100,600,2022
847,South Africa,Marco Jansen,Sunrisers Hyderabad,50,420,2022
848,India,Shivam Dube,Chennai Super Kings,50,400,2022
849,India,Krishnappa Gowtham,Lucknow Super Giants,50,90,2022
850,India,Khaleel Ahmed,Delhi Capitals,50,525,2022
851,Sri Lanka,Dushmantha Chameera,Lucknow Super Giants,50,200,2022
852,India,Chetan Sakariya,Delhi Capitals,50,420,2022
853,India,Sandeep Sharma,Punjab Kings,50,50,2022
854,India,Navdeep Saini,Rajasthan Royals,75,260,2022
855,India,Jaydev Unadkat,Mumbai Indians,75,130,2022
856,India,Mayank Markande,Mumbai Indians,50,65,2022
857,India,Shahbaz Nadeem,Lucknow Super Giants,50,50,2022
858,Sri Lanka,Maheesh Theekshana,Chennai Super Kings,50,70,2022
859,India,Rinku Singh,Kolkata Knight Riders,20,55,2022
860,India,Manan Vohra,Lucknow Super Giants,20,20,2022
861,India,Lalit Yadav,Delhi Capitals,20,65,2022
862,India,Ripal Patel,Delhi Capitals,20,20,2022
863,India,Yash Dhull,Delhi Capitals,20,50,2022
864,India,Tilak Varma,Mumbai Indians,20,170,2022
865,India,Mahipal Lomror,Royal Challengers Bangalore,40,95,2022
866,India,Anukul Roy,Kolkata Knight Riders,20,20,2022
867,India,Darshan Nalkande,Gujarat Titans,20,20,2022
868,India,R. Sanjay Yadav,Mumbai Indians,20,50,2022
869,India,Raj Angad Bawa,Punjab Kings,20,200,2022
870,India,Rajvardhan Hangargekar,Chennai Super Kings,30,150,2022
871,India,Yash Dayal,Gujarat Titans,20,320,2022
872,India,Simarjeet Singh,Chennai Super Kings,20,20,2022
873,New Zealand,Finn Allen,Royal Challengers Bangalore,50,80,2022
874,New Zealand,Devon Conway,Chennai Super Kings,100,100,2022
875,West Indies,Rovman Powell,Delhi Capitals,75,280,2022
876,England,Jofra Archer,Mumbai Indians,200,800,2022
877,India,Rishi Dhawan,Punjab Kings,50,55,2022
878,South Africa,Dwaine Pretorius,Chennai Super Kings,50,50,2022
879,West Indies,Sherfane Rutherford,Royal Challengers Bangalore,100,100,2022
880,Australia,Daniel Sams,Mumbai Indians,100,260,2022
881,New Zealand,Mitchell Santner,Chennai Super Kings,100,190,2022
882,West Indies,Romario Shepherd,Sunrisers Hyderabad,75,775,2022
883,Australia,Jason Behrendorff,Royal Challengers Bangalore,75,75,2022
884,West Indies,Obed McCoy,Rajasthan Royals,75,75,2022
885,England,Tymal Mills,Mumbai Indians,100,150,2022
886,New Zealand,Adam Milne,Chennai Super Kings,150,190,2022
887,India,Subhranshu Senapati,Chennai Super Kings,20,20,2022
888,Australia,Tim David,Mumbai Indians,40,825,2022
889,India,Pravin Dubey,Delhi Capitals,20,50,2022
890,India,Prerak Mankad,Punjab Kings,20,20,2022
891,India,Suyash Prabhudessai,Royal Challengers Bangalore,20,30,2022
892,India,Vaibhav Arora,Punjab Kings,20,200,2022
893,India,Mukesh Choudhary,Chennai Super Kings,20,20,2022
894,India,Rasikh Salam Dar,Kolkata Knight Riders,20,20,2022
895,India,Mohsin Khan,Lucknow Super Giants,20,20,2022
896,India,Chama Milind,Royal Challengers Bangalore,20,25,2022
897,India,Prashant Solanki,Chennai Super Kings,20,120,2022
898,Australia,Sean Abbott,Sunrisers Hyderabad,20,240,2022
899,West Indies,Alzarri Joseph,Gujarat Titans,75,240,2022
900,Australia,Riley Meredith,Mumbai Indians,100,100,2022
901,India,Ayush Badoni,Lucknow Super Giants,20,20,2022
902,India,Aneeshwar Gautam,Royal Challengers Bangalore,100,100,2022
903,India,Baba Indrajith,Kolkata Knight Riders,20,20,2022
904,Sri Lanka,Chamika Karunaratne,Kolkata Knight Riders,50,50,2022
905,India,Ravikumar Samarth,Sunrisers Hyderabad,20,20,2022
906,India,Abhijeet Tomar,Kolkata Knight Riders,20,40,2022
907,India,Pradeep Sangwan,Gujarat Titans,20,20,2022
908,India,Writtick Chatterjee,Punjab Kings,20,20,2022
909,India,Pratham Singh,Kolkata Knight Riders,20,20,2022
910,India,Shashank Singh,Sunrisers Hyderabad,20,20,2022
911,West Indies,Kyle Mayers,Lucknow Super Giants,50,50,2022
912,India,Karan Sharma,Lucknow Super Giants,20,20,2022
913,India,Baltej Singh,Punjab Kings,20,20,2022
914,India,Saurabh Dubey,Sunrisers Hyderabad,20,20,2022
915,India,Mohammed Arshad Khan,Mumbai Indians,20,20,2022
916,India,Ansh Patel,Punjab Kings,20,20,2022
917,India,Ashok Sharma,Kolkata Knight Riders,20,50,2022
918,India,Anunay Singh,Rajasthan Royals,20,20,2022
919,South Africa,David Miller,Gujarat Titans,100,300,2022
920,England,Sam Billings,Kolkata Knight Riders,200,200,2022
921,India,Wriddhiman Saha,Gujarat Titans,100,190,2022
922,Australia,Matthew Wade,Gujarat Titans,200,240,2022
923,India,C. Hari Nishanth,Chennai Super Kings,20,20,2022
924,India,Anmolpreet Singh,Mumbai Indians,20,20,2022
925,India,Narayan Jagadeesan,Chennai Super Kings,20,20,2022
926,India,Vishnu Vinod,Sunrisers Hyderabad,20,50,2022
927,England,Chris Jordan,Chennai Super Kings,200,360,2022
928,South Africa,Lungi Ngidi,Delhi Capitals,50,50,2022
929,India,Karn Sharma,Royal Challengers Bangalore,50,50,2022
930,India,Kuldeep Sen,Rajasthan Royals,20,20,2022
931,England,Alex Hales,Kolkata Knight Riders,150,150,2022
932,West Indies,Evin Lewis,Lucknow Super Giants,200,200,2022
933,India,Karun Nair,Rajasthan Royals,50,140,2022
934,New Zealand,Glenn Phillips,Sunrisers Hyderabad,150,150,2022
935,New Zealand,Tim Seifert,Delhi Capitals,50,50,2022
936,Australia,Nathan Ellis,Punjab Kings,75,75,2022
937,Afghanistan,Fazalhaq Farooqi,Sunrisers Hyderabad,50,50,2022
938,India,Ramandeep Singh,Mumbai Indians,20,20,2022
939,India,Atharva Taide,Punjab Kings,20,20,2022
940,India,Dhruv Jurel,Rajasthan Royals,20,20,2022
941,India,Mayank Yadav,Lucknow Super Giants,20,20,2022
942,India,Tejas Baroka,Rajasthan Royals,20,20,2022
943,Sri Lanka,Bhanuka Rajapaksa,Punjab Kings,50,50,2022
944,India,Gurkeerat Singh,Gujarat Titans,50,50,2022
945,New Zealand,Tim Southee,Kolkata Knight Riders,150,150,2022
946,India,Rahul Buddhi,Mumbai Indians,20,20,2022
947,England,Benny Howell,Punjab Kings,40,40,2022
948,India,Kuldip Yadav,Rajasthan Royals,20,20,2022
949,India,Varun Aaron,Gujarat Titans,50,50,2022
950,India,Ramesh Kumar,Kolkata Knight Riders,20,20,2022
951,India,Hrithik Shokeen,Mumbai Indians,20,20,2022
952,India,K. Bhagath Varma,Chennai Super Kings,20,20,2022
953,India,Arjun Tendulkar,Mumbai Indians,20,30,2022
954,India,Shubham Garhwal,Rajasthan Royals,20,20,2022
955,Afghanistan,Mohammad Nabi,Kolkata Knight Riders,100,100,2022
956,India,Umesh Yadav,Kolkata Knight Riders,200,200,2022
957,New Zealand,James Neesham,Rajasthan Royals,150,150,2022
958,Australia,Nathan Coulter-Nile,Rajasthan Royals,200,200,2022
959,India,Vicky Ostwal,Delhi Capitals,20,20,2022
960,South Africa,Rassie van der Dussen,Rajasthan Royals,100,100,2022
961,New Zealand,Daryl Mitchell,Rajasthan Royals,75,75,2022
962,India,Siddharth Kaul,Royal Challengers Bangalore,75,75,2022
963,India,B. Sai Sudharshan,Gujarat Titans,20,20,2022
964,India,Aryan Juyal,Mumbai Indians,20,20,2022
965,India,Luvnith Sisodia,Royal Challengers Bangalore,20,20,2022
966,West Indies,Fabian Allen,Mumbai Indians,75,75,2022
967,England,David Willey,Royal Challengers Bangalore,200,200,2022
968,India,Aman Khan,Kolkata Knight Riders,20,20,2022
969,New Zealand,Kane Williamson,Gujarat Titans,200,200,2023
970,England,Harry Brook,Sunrisers Hyderabad,150,"1,325",2023
971,India,Mayank Agarwal,Sunrisers Hyderabad,100,825,2023
972,India,Ajinkya Rahane,Chennai Super Kings,50,50,2023
973,England,Sam Curran,Punjab Kings,200,"1,850",2023
974,West Indies,Odean Smith,Gujarat Titans,50,50,2023
975,Zimbabwe,Sikandar Raza,Punjab Kings,50,50,2023
976,West Indies,Jason Holder,Rajasthan Royals,200,575,2023
977,Australia,Cameron Green,Mumbai Indians,200,"1,750",2023
978,England,Ben Stokes,Chennai Super Kings,200,"1,625",2023
979,West Indies,Nicholas Pooran,Lucknow Super Giants,200,"1,600",2023
980,South Africa,Heinrich Klaasen,Sunrisers Hyderabad,100,525,2023
981,England,Phil Salt,Delhi Capitals,200,200,2023
982,England,Reece Topley,Royal Challengers Bangalore,75,190,2023
983,India,Jaydev Unadkat,Lucknow Super Giants,50,50,2023
984,Australia,Jhye Richardson,Mumbai Indians,150,150,2023
985,India,Ishant Sharma,Delhi Capitals,50,50,2023
986,England,Adil Rashid,Sunrisers Hyderabad,200,200,2023
987,India,Mayank Markande,Sunrisers Hyderabad,50,50,2023
988,India,Shaik Rasheed,Chennai Super Kings,20,20,2023
989,India,Vivrant Sharma,Sunrisers Hyderabad,20,260,2023
990,India,Samarth Vyas,Sunrisers Hyderabad,20,20,2023
991,India,Sanvir Singh,Sunrisers Hyderabad,20,20,2023
992,India,Nishant Sindhu,Chennai Super Kings,20,60,2023
993,India,N Jagadeesan,Kolkata Knight Riders,20,90,2023
994,India,K. S. Bharat,Gujarat Titans,20,120,2023
995,India,Upendra Yadav,Sunrisers Hyderabad,20,25,2023
996,India,Vaibhav Arora,Kolkata Knight Riders,20,60,2023
997,India,Yash Thakur,Lucknow Super Giants,20,45,2023
998,India,Shivam Mavi,Gujarat Titans,40,600,2023
999,India,Mukesh Kumar,Delhi Capitals,20,550,2023
1000,India,Himanshu Sharma,Royal Challengers Bangalore,20,20,2023
1001,India,Manish Pandey,Delhi Capitals,100,240,2023
1002,England,Will Jacks,Royal Challengers Bangalore,150,320,2023
1003,West Indies,Romario Shepherd,Lucknow Super Giants,50,50,2023
1004,Australia,Daniel Sams,Lucknow Super Giants,75,75,2023
1005,New Zealand,Kyle Jamieson,Chennai Super Kings,100,100,2023
1006,India,Piyush Chawla,Mumbai Indians,50,50,2023
1007,India,Amit Mishra,Lucknow Super Giants,50,50,2023
1008,India,Harpreet Singh Bhatia,Punjab Kings,20,40,2023
1009,India,Manoj Bhandage,Royal Challengers Bangalore,20,20,2023
1010,India,Mayank Dagar,Sunrisers Hyderabad,20,180,2023
1011,South Africa,Duan Jansen,Mumbai Indians,20,20,2023
1012,India,Prerak Mankad,Lucknow Super Giants,20,180,2023
1013,South Africa,Donavon Ferreira,Rajasthan Royals,20,20,2023
1014,India,Urvil Patel,Gujarat Titans,20,20,2023
1015,India,Vishnu Vinod,Mumbai Indians,20,20,2023
1016,India,Vidwath Kaverappa,Punjab Kings,20,20,2023
1017,India,Rajan Kumar,Royal Challengers Bangalore,20,20,2023
1018,India,Suyash Sharma,Kolkata Knight Riders,20,20,2023
1019,Ireland,Josh Little,Gujarat Titans,50,440,2023
1020,India,Mohit Sharma,Gujarat Titans,50,50,2023
1021,India,Shams Mulani,Mumbai Indians,20,20,2023
1022,India,Swapnil Singh,Lucknow Super Giants,20,20,2023
1023,Namibia,David Wiese,Kolkata Knight Riders,100,100,2023
1024,India,Nitish Kumar Reddy,Sunrisers Hyderabad,20,20,2023
1025,India,Avinash Singh,Royal Challengers Bangalore,20,60,2023
1026,India,Kunal Rathore,Rajasthan Royals,20,20,2023
1027,India,Sonu Yadav,Royal Challengers Bangalore,20,20,2023
1028,India,Kulwant Khejroliya,Kolkata Knight Riders,20,20,2023
1029,India,Ajay Mandal,Chennai Super Kings,20,20,2023
1030,India,Mohit Rathee,Punjab Kings,20,20,2023
1031,India,Nehal Wadhera,Mumbai Indians,20,20,2023
1032,India,Bhagath Varma,Chennai Super Kings,20,20,2023
1033,India,Shivam Singh,Punjab Kings,20,20,2023
1034,South Africa,Rilee Rossouw,Royal Challengers Bangalore,200,460,2023
1035,Bangladesh,Litton Das,Kolkata Knight Riders,50,50,2023
1036,West Indies,Akeal Hosein,Sunrisers Hyderabad,100,100,2023
1037,Australia,Adam Zampa,Rajasthan Royals,150,150,2023
1038,India,Anmolpreet Singh,Sunrisers Hyderabad,20,20,2023
1039,India,KM Asif,Rajasthan Royals,20,30,2023
1040,India,Murugan Ashwin,Rajasthan Royals,20,20,2023
1041,India,Mandeep Singh,Kolkata Knight Riders,50,50,2023
1042,India,Akash Vasisht,Rajasthan Royals,20,20,2023
1043,Afghanistan,Naveen-ul-Haq,Lucknow Super Giants,50,50,2023
1044,India,Yudhvir Singh Charak,Lucknow Super Giants,20,20,2023
1045,India,Raghav Goyal,Mumbai Indians,20,20,2023
1046,India,Abdul Basith,Rajasthan Royals,20,20,2023
1047,England,Joe Root,Rajasthan Royals,100,100,2023
1048,Bangladesh,Shakib al Hasan,Kolkata Knight Riders,150,150,2023
1049,India,Abdul Basith,Rajasthan Royals,20,20,2023
1050,England,Joe Root,Rajasthan Royals,100,100,2023
1051,Bangladesh,Shakib al Hasan,Kolkata Knight Riders,150,150,2023
